first_name,last_name,email,ssn
Blake,Fellos,bfellos0@sbwire.com,129-04-9000
Dick,Connolly,dconnolly1@domainmarket.com,528-03-3145
Kylie,Thomtson,kthomtson2@hc360.com,137-07-8327
Juana,Pickering,jpickering3@quantcast.com,791-19-5180
Barbabas,Boules,bboules4@japanpost.jp,776-46-5999
Millie,Callaghan,mcallaghan5@yale.edu,604-54-2273
Carr,Gosneye,cgosneye6@examiner.com,248-51-6185
Koren,Klein,kklein7@spiegel.de,775-41-9985
Pembroke,Giannazzo,pgiannazzo8@princeton.edu,711-80-9789
Abbi,Burgett,aburgett9@live.com,188-87-5071
Findley,Crann,fcranna@microsoft.com,698-03-7604
Torin,Champagne,tchampagneb@yellowpages.com,607-03-6867
Bennie,Venney,bvenneyc@indiegogo.com,808-41-9513
Cissiee,Kamenar,ckamenard@squidoo.com,573-50-5768
Lissi,McKibbin,lmckibbine@delicious.com,784-57-7755
Harlin,Maytom,hmaytomf@indiegogo.com,348-04-6985
Jaye,Knapp,jknappg@accuweather.com,433-92-4787
Kathryn,Elvidge,kelvidgeh@youtube.com,424-71-0481
Mercedes,Ambroisin,mambroisini@unblog.fr,171-06-7141
Anderea,Foresight,aforesightj@deviantart.com,727-66-8343
